date,open,low,high,close,volume
2026-09-03 09:30:00,3.14,3.07,3.15,3.07,102302.0
2026-09-03 10:00:00,3.06,3.04,3.07,3.04,96733.0
2026-09-03 10:30:00,3.04,3.04,3.06,3.05,74224.0
2026-09-03 11:00:00,3.04,3.04,3.08,3.08,59250.0
2026-09-03 11:30:00,3.08,3.06,3.08,3.07,44407.0
2026-09-03 12:00:00,3.07,3.06,3.07,3.06,22229.0
2026-09-03 12:30:00,3.06,3.05,3.06,3.05,32793.0
2026-09-03 13:00:00,3.05,3.04,3.08,3.08,49775.0
2026-09-03 13:30:00,3.09,3.08,3.09,3.08,25991.0
2026-09-03 14:00:00,3.09,3.08,3.09,3.08,36709.0
2026-09-03 14:30:00,3.09,3.08,3.09,3.09,31616.0
2026-09-03 15:00:00,3.08,3.07,3.09,3.08,76728.0
2026-09-03 15:30:00,3.07,3.06,3.09,3.06,214509.0
2026-09-04 09:30:00,3.04,3.03,3.07,3.04,87373.0
2026-09-04 10:00:00,3.04,3.03,3.06,3.06,93903.0
2026-09-04 10:30:00,3.05,3.03,3.05,3.03,74609.0
2026-09-04 11:00:00,3.03,3.03,3.04,3.04,30747.0
2026-09-04 11:30:00,3.03,3.02,3.03,3.03,54470.0
2026-09-04 12:00:00,3.03,3.02,3.07,3.06,63559.0
2026-09-04 12:30:00,3.06,3.06,3.07,3.07,23322.0
2026-09-04 13:00:00,3.07,3.06,3.07,3.07,77922.0
2026-09-04 13:30:00,3.06,3.04,3.07,3.04,68773.0
2026-09-04 14:00:00,3.04,3.03,3.04,3.03,27844.0
2026-09-04 14:30:00,3.04,3.04,3.05,3.05,69942.0
2026-09-04 15:00:00,3.05,3.04,3.05,3.04,32911.0
2026-09-04 15:30:00,3.05,3.03,3.06,3.04,171895.0
2026-09-08 09:30:00,3.06,3.0,3.06,3.0,125294.0
2026-09-08 10:00:00,3.0,2.94,3.01,2.94,56399.0
2026-09-08 10:30:00,2.94,2.93,2.96,2.94,67279.0
2026-09-08 11:00:00,2.94,2.93,2.97,2.97,109128.0
2026-09-08 11:30:00,2.97,2.94,2.97,2.94,68115.0
2026-09-08 12:00:00,2.94,2.94,2.95,2.95,26078.0
2026-09-08 12:30:00,2.94,2.94,2.95,2.94,60533.0
2026-09-08 13:00:00,2.95,2.95,2.97,2.95,56884.0
2026-09-08 13:30:00,2.96,2.95,2.96,2.95,47546.0
2026-09-08 14:00:00,2.95,2.95,2.95,2.95,33259.0
2026-09-08 14:30:00,2.95,2.93,2.95,2.93,94393.0
2026-09-08 15:00:00,2.93,2.93,2.96,2.96,79555.0
2026-09-08 15:30:00,2.96,2.96,2.98,2.97,171634.0
2026-09-09 09:30:00,2.95,2.89,2.95,2.93,102570.0
2026-09-09 10:00:00,2.94,2.93,2.94,2.94,79394.0
2026-09-09 10:30:00,2.94,2.93,2.95,2.94,31734.0
2026-09-09 11:00:00,2.93,2.91,2.94,2.91,73347.0
2026-09-09 11:30:00,2.91,2.91,2.92,2.91,11812.0
2026-09-09 12:00:00,2.91,2.91,2.92,2.91,53974.0
2026-09-09 12:30:00,2.91,2.91,2.92,2.92,37102.0
2026-09-09 13:00:00,2.92,2.91,2.92,2.92,17176.0
2026-09-09 13:30:00,2.92,2.91,2.92,2.92,17104.0
2026-09-09 14:00:00,2.92,2.91,2.92,2.92,28402.0
2026-09-09 14:30:00,2.92,2.9,2.92,2.9,80977.0
2026-09-09 15:00:00,2.9,2.89,2.91,2.89,60840.0
2026-09-09 15:30:00,2.89,2.88,2.91,2.89,248775.0
2026-09-10 09:30:00,2.85,2.83,2.9,2.87,352177.0
2026-09-10 10:00:00,2.87,2.85,2.9,2.89,68350.0
2026-09-10 10:30:00,2.89,2.86,2.91,2.91,49509.0
2026-09-10 11:00:00,2.91,2.88,2.91,2.89,37431.0
2026-09-10 11:30:00,2.89,2.86,2.89,2.86,48570.0
2026-09-10 12:00:00,2.87,2.86,2.87,2.87,25103.0
2026-09-10 12:30:00,2.86,2.85,2.87,2.86,38559.0
2026-09-10 13:00:00,2.86,2.86,2.89,2.88,58904.0
2026-09-10 13:30:00,2.88,2.87,2.89,2.88,49199.0
2026-09-10 14:00:00,2.88,2.85,2.88,2.85,78646.0
2026-09-10 14:30:00,2.85,2.85,2.86,2.86,35242.0
2026-09-10 15:00:00,2.86,2.85,2.86,2.86,99235.0
2026-09-10 15:30:00,2.86,2.85,2.86,2.86,193424.0
2026-09-11 09:30:00,2.95,2.88,2.95,2.89,60164.0
2026-09-11 10:00:00,2.89,2.86,2.89,2.88,78273.0
2026-09-11 10:30:00,2.88,2.88,2.91,2.9,83948.0
2026-09-11 11:00:00,2.9,2.9,2.94,2.93,60354.0
2026-09-11 11:30:00,2.94,2.9,2.94,2.9,44833.0
2026-09-11 12:00:00,2.91,2.91,2.91,2.91,19092.0
2026-09-11 12:30:00,2.92,2.91,2.92,2.91,15077.0
2026-09-11 13:00:00,2.91,2.91,2.94,2.94,55618.0
2026-09-11 13:30:00,2.94,2.91,2.94,2.94,35334.0
2026-09-11 14:00:00,2.9322,2.92,2.94,2.94,37672.80781999999
2026-09-11 14:30:00,2.93,2.93,2.94,2.94,23451.0
2026-09-11 15:00:00,2.94,2.94,2.95,2.95,67354.0
2026-09-11 15:30:00,2.95,2.94,2.96,2.96,183194.0
2026-09-14 09:30:00,2.97,2.96,2.99,2.98,101912.0
2026-09-14 10:00:00,2.97,2.95,2.98,2.96,39767.0
2026-09-14 10:30:00,2.96,2.96,2.99,2.99,44943.0
2026-09-14 11:00:00,2.98,2.97,3.01,2.97,64378.0
2026-09-14 11:30:00,2.97,2.97,3.04,3.03,64709.0
2026-09-14 12:00:00,3.03,3.02,3.05,3.03,58746.0
2026-09-14 12:30:00,3.03,3.03,3.07,3.06,34734.0
2026-09-14 13:00:00,3.07,3.05,3.07,3.07,40801.0
2026-09-14 13:30:00,3.07,3.05,3.07,3.05,38628.0
2026-09-14 14:00:00,3.06,3.05,3.06,3.06,29664.0
2026-09-14 14:30:00,3.05,3.04,3.06,3.05,97382.0
2026-09-14 15:00:00,3.04,3.04,3.06,3.06,65428.0
2026-09-14 15:30:00,3.07,3.06,3.1,3.1,241613.0
2026-09-15 09:30:00,3.02,2.98,3.04,2.99,90795.0
2026-09-15 10:00:00,2.99,2.95,2.99,2.95,76311.0
2026-09-15 10:30:00,2.95,2.91,2.95,2.91,39720.0
2026-09-15 11:00:00,2.91,2.9,2.92,2.9,72903.0
2026-09-15 11:30:00,2.9,2.9,2.92,2.91,60636.0
2026-09-15 12:00:00,2.92,2.91,2.93,2.93,52019.0
2026-09-15 12:30:00,2.93,2.92,2.93,2.92,14706.0
2026-09-15 13:00:00,2.92,2.91,2.93,2.91,36767.0
2026-09-15 13:30:00,2.92,2.91,2.92,2.92,30675.0
2026-09-15 14:00:00,2.93,2.93,2.96,2.93,40126.34039999999
2026-09-15 14:30:00,2.93,2.92,2.93,2.93,42406.0
2026-09-15 15:00:00,2.92,2.92,2.93,2.92,50850.0
2026-09-15 15:30:00,2.92,2.91,2.94,2.94,159187.0
2026-09-16 09:30:00,2.94,2.88,2.94,2.9,83849.0
2026-09-16 10:00:00,2.9,2.9,2.93,2.91,103963.0
2026-09-16 10:30:00,2.91,2.91,2.94,2.93,139933.979
2026-09-16 11:00:00,2.94,2.94,2.97,2.94,72841.0
2026-09-16 11:30:00,2.94,2.92,2.94,2.93,40804.0
2026-09-16 12:00:00,2.93,2.93,2.94,2.94,17685.0
2026-09-16 12:30:00,2.93,2.93,2.94,2.93,10292.0
2026-09-16 13:00:00,2.93,2.93,2.95,2.94,44048.0
2026-09-16 13:30:00,2.94,2.94,2.95,2.94,19193.0
2026-09-16 14:00:00,2.94,2.93,2.96,2.95,107476.67848999996
2026-09-16 14:30:00,2.95,2.9,2.95,2.9,119961.0
2026-09-16 15:00:00,2.89,2.89,2.91,2.9,159482.0
2026-09-16 15:30:00,2.89,2.89,2.92,2.91,407622.0
2026-09-17 09:30:00,2.98,2.89,2.98,2.9,119631.0
2026-09-17 10:00:00,2.91,2.89,2.91,2.89,56316.0
2026-09-17 10:30:00,2.89,2.89,2.91,2.91,71222.0
2026-09-17 11:00:00,2.9,2.9,2.91,2.9,28908.0
2026-09-17 11:30:00,2.9,2.9,2.91,2.9,32156.0
2026-09-17 12:00:00,2.9,2.89,2.91,2.89,37945.0
2026-09-17 12:30:00,2.9,2.89,2.91,2.9,122260.83539999998
2026-09-17 13:00:00,2.9,2.89,2.9,2.89,38768.0
2026-09-17 13:30:00,2.89,2.89,2.93,2.92,100491.0
2026-09-17 14:00:00,2.92,2.92,2.94,2.92,82466.0
2026-09-17 14:30:00,2.92,2.91,2.92,2.91,85225.79524
2026-09-17 15:00:00,2.91,2.9,2.92,2.91,146266.0
2026-09-17 15:30:00,2.91,2.89,2.92,2.89,221447.0
2026-09-18 09:30:00,2.9,2.88,2.91,2.89,424523.0
2026-09-18 10:00:00,2.89,2.87,2.89,2.87,52115.0
2026-09-18 10:30:00,2.87,2.86,2.87,2.87,48791.0
2026-09-18 11:00:00,2.87,2.84,2.87,2.86,54884.0
2026-09-18 11:30:00,2.86,2.85,2.87,2.86,55103.0
2026-09-18 12:00:00,2.85,2.84,2.85,2.85,39901.0
2026-09-18 12:30:00,2.85,2.84,2.86,2.85,42320.0
2026-09-18 13:00:00,2.85,2.85,2.86,2.85,65079.0
2026-09-18 13:30:00,2.85,2.85,2.86,2.86,45259.0
2026-09-18 14:00:00,2.85,2.83,2.86,2.83,88281.0
2026-09-18 14:30:00,2.83,2.82,2.83,2.82,118887.0
2026-09-18 15:00:00,2.82,2.81,2.83,2.82,67804.0
2026-09-18 15:30:00,2.82,2.82,2.85,2.84,307009.0
2026-09-21 09:30:00,2.92,2.83,2.92,2.85,113323.0
2026-09-21 10:00:00,2.84,2.84,2.91,2.9,110083.0
2026-09-21 10:30:00,2.9,2.88,2.9,2.88,128295.0
2026-09-21 11:00:00,2.88,2.87,2.89,2.88,57849.0
2026-09-21 11:30:00,2.88,2.88,2.88,2.88,53678.0
2026-09-21 12:00:00,2.88,2.88,2.89,2.88,79358.0
2026-09-21 12:30:00,2.89,2.88,2.89,2.88,47660.0
2026-09-21 13:00:00,2.88,2.88,2.89,2.88,69520.0
2026-09-21 13:30:00,2.87,2.84,2.88,2.84,79781.0
2026-09-21 14:00:00,2.84,2.84,2.85,2.84,77030.0
2026-09-21 14:30:00,2.84,2.84,2.86,2.85,95328.0
2026-09-21 15:00:00,2.86,2.84,2.86,2.85,114795.0
2026-09-21 15:30:00,2.85,2.83,2.87,2.85,500165.0
2026-09-22 09:30:00,2.88,2.88,3.03,2.98,216889.0
2026-09-22 10:00:00,2.97,2.9,2.98,2.91,238160.0
2026-09-22 10:30:00,2.91,2.87,2.91,2.87,106625.0
2026-09-22 11:00:00,2.87,2.87,2.89,2.89,106387.0
2026-09-22 11:30:00,2.88,2.85,2.89,2.87,74080.0
2026-09-22 12:00:00,2.87,2.86,2.9,2.88,92677.0
2026-09-22 12:30:00,2.89,2.87,2.9,2.9,184752.0
2026-09-22 13:00:00,2.9,2.89,2.92,2.91,126684.0
2026-09-22 13:30:00,2.92,2.91,2.94,2.94,158843.0
2026-09-22 14:00:00,2.94,2.94,2.96,2.95,93521.0
2026-09-22 14:30:00,2.95,2.93,2.95,2.93,90970.0
2026-09-22 15:00:00,2.94,2.92,2.94,2.93,149295.0
2026-09-22 15:30:00,2.93,2.92,3.0,3.0,757228.0
2026-09-23 09:30:00,3.01,2.84,3.02,2.86,260007.0
2026-09-23 10:00:00,2.86,2.78,2.86,2.78,188422.0
2026-09-23 10:30:00,2.78,2.78,2.84,2.84,151111.0
2026-09-23 11:00:00,2.84,2.81,2.86,2.81,66894.0
2026-09-23 11:30:00,2.82,2.82,2.83,2.83,115556.0
2026-09-23 12:00:00,2.83,2.81,2.83,2.81,155159.0
2026-09-23 12:30:00,2.81,2.8,2.82,2.8,110206.0
2026-09-23 13:00:00,2.8,2.77,2.81,2.81,88632.0
2026-09-23 13:30:00,2.8,2.79,2.81,2.81,148561.0
2026-09-23 14:00:00,2.8,2.8,2.81,2.8,150567.0
2026-09-23 14:30:00,2.8,2.78,2.81,2.8,147493.0
2026-09-23 15:00:00,2.8,2.75,2.8,2.77,100534.0
2026-09-23 15:30:00,2.76,2.76,2.84,2.8,1336939.0
2026-09-24 09:30:00,2.33,2.12,2.33,2.19,1505243.0
2026-09-24 10:00:00,2.19,2.17,2.24,2.19,143525.0
2026-09-24 10:30:00,2.18,2.1,2.18,2.12,125431.0
2026-09-24 11:00:00,2.12,2.11,2.13,2.11,196676.0
2026-09-24 11:30:00,2.11,2.11,2.19,2.18,194202.0
2026-09-24 12:00:00,2.19,2.17,2.2,2.19,150773.0
2026-09-24 12:30:00,2.19,2.16,2.19,2.18,99550.0
2026-09-24 13:00:00,2.17,2.17,2.25,2.24,245508.0
2026-09-24 13:30:00,2.23,2.17,2.25,2.23,185801.0
2026-09-24 14:00:00,2.22,2.22,2.28,2.27,160294.0
2026-09-24 14:30:00,2.26,2.2,2.26,2.21,202555.0
2026-09-24 15:00:00,2.2,2.19,2.24,2.23,94795.0
2026-09-24 15:30:00,2.23,2.15,2.24,2.21,777354.0
2026-09-25 09:30:00,2.19,2.14,2.21,2.16,433767.0
2026-09-25 10:00:00,2.15,2.13,2.16,2.15,147557.0
2026-09-25 10:30:00,2.16,2.16,2.18,2.17,154406.0
2026-09-25 11:00:00,2.17,2.17,2.21,2.19,199797.0
2026-09-25 11:30:00,2.19,2.17,2.21,2.19,155776.0
2026-09-25 12:00:00,2.2,2.18,2.21,2.19,173440.0
2026-09-25 12:30:00,2.19,2.16,2.19,2.17,130695.0
2026-09-25 13:00:00,2.17,2.15,2.17,2.15,206465.0
2026-09-25 13:30:00,2.15,2.15,2.15,2.15,125829.0
2026-09-25 14:00:00,2.15,2.15,2.19,2.17,170452.0
2026-09-25 14:30:00,2.17,2.16,2.17,2.17,66950.0
2026-09-25 15:00:00,2.17,2.13,2.17,2.14,214212.0
2026-09-25 15:30:00,2.14,2.13,2.18,2.15,389345.0
2026-09-28 09:30:00,2.12,2.11,2.26,2.25,1535683.55442
2026-09-28 10:00:00,2.26,2.25,2.4,2.39,985596.7050700001
2026-09-28 10:30:00,2.39,2.35,2.4,2.38,584127.4142299998
2026-09-28 11:00:00,2.38,2.37,2.4,2.38,240354.0
2026-09-28 11:30:00,2.38,2.35,2.38,2.36,121845.0
2026-09-28 12:00:00,2.35,2.35,2.4,2.4,348754.0
2026-09-28 12:30:00,2.4,2.38,2.45,2.42,255111.0
2026-09-28 13:00:00,2.43,2.42,2.46,2.44,219513.0
2026-09-28 13:30:00,2.44,2.44,2.47,2.45,153623.0
2026-09-28 14:00:00,2.46,2.44,2.46,2.44,175035.0
2026-09-28 14:30:00,2.43,2.41,2.44,2.42,281403.0
2026-09-28 15:00:00,2.42,2.39,2.42,2.42,155531.0
2026-09-28 15:30:00,2.41,2.41,2.48,2.47,514963.0
2026-09-29 09:30:00,2.47,2.47,2.53,2.52,434335.0
2026-09-29 10:00:00,2.52,2.48,2.55,2.49,179890.0
2026-09-29 10:30:00,2.49,2.42,2.49,2.44,260197.0
2026-09-29 11:00:00,2.43,2.42,2.45,2.43,190414.0
2026-09-29 11:30:00,2.43,2.42,2.46,2.45,134909.0
2026-09-29 12:00:00,2.45,2.44,2.46,2.45,131199.0
2026-09-29 12:30:00,2.46,2.46,2.49,2.49,137557.0
2026-09-29 13:00:00,2.48,2.47,2.49,2.48,199496.0
2026-09-29 13:30:00,2.49,2.48,2.51,2.5,145944.0
2026-09-29 14:00:00,2.5,2.5,2.52,2.51,263441.0
2026-09-29 14:30:00,2.52,2.51,2.56,2.55,130464.0
2026-09-29 15:00:00,2.55,2.53,2.56,2.56,204806.0
2026-09-29 15:30:00,2.56,2.52,2.57,2.52,596088.0
2026-09-30 09:30:00,2.51,2.49,2.59,2.56,323748.0
2026-09-30 10:00:00,2.56,2.56,2.59,2.57,164315.0
2026-09-30 10:30:00,2.57,2.56,2.6,2.58,171073.0
2026-09-30 11:00:00,2.58,2.56,2.58,2.57,124789.0
2026-09-30 11:30:00,2.57,2.55,2.57,2.56,90712.0
2026-09-30 12:00:00,2.56,2.55,2.56,2.56,62652.0
2026-09-30 12:30:00,2.56,2.55,2.56,2.55,50035.0
2026-09-30 13:00:00,2.54,2.52,2.58,2.57,212247.0
2026-09-30 13:30:00,2.57,2.55,2.57,2.56,192385.0
2026-09-30 14:00:00,2.56,2.55,2.57,2.55,250119.0
2026-09-30 14:30:00,2.55,2.54,2.56,2.56,136224.0
2026-09-30 15:00:00,2.56,2.56,2.6,2.6,240533.0
2026-09-30 15:30:00,2.6,2.55,2.61,2.56,299724.0
2026-10-01 09:30:00,2.56,2.56,2.62,2.61,227579.0
2026-10-01 10:00:00,2.61,2.6,2.63,2.61,195090.0
2026-10-01 10:30:00,2.61,2.61,2.63,2.63,189101.0
2026-10-01 11:00:00,2.62,2.61,2.64,2.63,88181.0
2026-10-01 11:30:00,2.63,2.62,2.67,2.67,193038.0
2026-10-01 12:00:00,2.67,2.66,2.68,2.67,215447.0
2026-10-01 12:30:00,2.67,2.65,2.67,2.66,187101.0
2026-10-01 13:00:00,2.66,2.65,2.68,2.67,203858.0
2026-10-01 13:30:00,2.68,2.65,2.69,2.68,173344.0
2026-10-01 14:00:00,2.67,2.66,2.67,2.66,139555.0
2026-10-01 14:30:00,2.66,2.66,2.68,2.67,120099.0
2026-10-01 15:00:00,2.67,2.62,2.67,2.62,245562.0
2026-10-01 15:30:00,2.62,2.57,2.63,2.61,466458.0
2026-10-02 09:30:00,2.64,2.62,2.67,2.62,380345.0
2026-10-02 10:00:00,2.61,2.61,2.67,2.67,210986.0
2026-10-02 10:30:00,2.67,2.64,2.67,2.65,161297.0
2026-10-02 11:00:00,2.66,2.64,2.67,2.66,178002.0
2026-10-02 11:30:00,2.66,2.65,2.67,2.66,143808.0
2026-10-02 12:00:00,2.66,2.65,2.67,2.65,88682.0
2026-10-02 12:30:00,2.64,2.64,2.66,2.66,33886.0
2026-10-02 13:00:00,2.65,2.65,2.66,2.65,79443.0
2026-10-02 13:30:00,2.65,2.64,2.65,2.64,74988.0
2026-10-02 14:00:00,2.65,2.63,2.65,2.63,122596.0
2026-10-02 14:30:00,2.63,2.62,2.63,2.62,73309.0
2026-10-02 15:00:00,2.62,2.61,2.63,2.63,91937.0
2026-10-02 15:30:00,2.64,2.61,2.65,2.62,335422.0
2026-10-05 09:30:00,2.61,2.61,2.66,2.63,325038.0
2026-10-05 10:00:00,2.63,2.62,2.64,2.63,261200.05984
2026-10-05 10:30:00,2.63,2.59,2.63,2.61,213183.0
2026-10-05 11:00:00,2.62,2.6,2.64,2.63,195160.0
2026-10-05 11:30:00,2.63,2.63,2.66,2.66,243174.74127000012
2026-10-05 12:00:00,2.66,2.65,2.67,2.65,124306.0
2026-10-05 12:30:00,2.65,2.65,2.67,2.66,126463.0
2026-10-05 13:00:00,2.66,2.66,2.68,2.67,157828.70907999994
2026-10-05 13:30:00,2.67,2.66,2.67,2.67,200123.0
2026-10-05 14:00:00,2.67,2.67,2.72,2.71,185420.17342999997
2026-10-05 14:30:00,2.71,2.66,2.71,2.67,399144.0
2026-10-05 15:00:00,2.67,2.65,2.68,2.65,271756.0
2026-10-05 15:30:00,2.65,2.63,2.68,2.68,594409.0
2026-10-06 09:30:00,2.68,2.62,2.69,2.63,192776.0
2026-10-06 10:00:00,2.63,2.62,2.64,2.63,69308.0
2026-10-06 10:30:00,2.63,2.63,2.69,2.67,360709.94697
2026-10-06 11:00:00,2.67,2.67,2.69,2.69,195833.0
2026-10-06 11:30:00,2.69,2.68,2.69,2.68,98067.0
2026-10-06 12:00:00,2.68,2.68,2.69,2.69,141205.0
2026-10-06 12:30:00,2.69,2.69,2.71,2.7,73421.0
2026-10-06 13:00:00,2.7,2.68,2.7,2.68,116255.0
2026-10-06 13:30:00,2.68,2.68,2.69,2.69,82532.0
2026-10-06 14:00:00,2.69,2.68,2.69,2.68,98383.0
2026-10-06 14:30:00,2.69,2.68,2.69,2.69,307047.0
2026-10-06 15:00:00,2.69,2.67,2.69,2.67,235941.0
2026-10-06 15:30:00,2.67,2.66,2.69,2.66,371893.0
2026-10-07 09:30:00,2.64,2.63,2.66,2.63,182677.0
2026-10-07 10:00:00,2.63,2.63,2.66,2.64,85960.0
2026-10-07 10:30:00,2.64,2.62,2.65,2.63,99000.0
2026-10-07 11:00:00,2.63,2.63,2.65,2.64,93855.0
2026-10-07 11:30:00,2.64,2.64,2.65,2.65,43055.0
2026-10-07 12:00:00,2.65,2.65,2.66,2.65,148581.0
2026-10-07 12:30:00,2.66,2.65,2.69,2.69,30752.423500000034
2026-10-07 13:00:00,2.69,2.67,2.69,2.68,160814.9872000001
2026-10-07 13:30:00,2.68,2.68,2.7,2.69,79149.0
2026-10-07 14:00:00,2.7,2.68,2.7,2.68,133655.0
2026-10-07 14:30:00,2.68,2.68,2.7,2.68,140209.0
2026-10-07 15:00:00,2.68,2.67,2.72,2.72,147561.0
2026-10-07 15:30:00,2.71,2.71,2.74,2.74,433501.0
2026-10-08 09:30:00,2.7,2.69,2.73,2.71,153530.0
2026-10-08 10:00:00,2.72,2.71,2.75,2.74,202610.0
2026-10-08 10:30:00,2.74,2.7,2.74,2.71,145823.0
2026-10-08 11:00:00,2.7,2.68,2.7,2.7,119609.0
2026-10-08 11:30:00,2.7,2.67,2.71,2.69,98414.0
2026-10-08 12:00:00,2.69,2.69,2.73,2.7,141775.0
2026-10-08 12:30:00,2.7,2.67,2.71,2.7,161082.0
2026-10-08 13:00:00,2.71,2.7,2.71,2.7,75860.0
2026-10-08 13:30:00,2.7,2.6928,2.7185,2.7185,201220.4180399999
2026-10-08 14:00:00,2.7142,2.7,2.72,2.705,260341.14712000033
2026-10-08 14:30:00,2.705,2.7,2.725,2.715,290724.67778
2026-10-08 15:00:00,2.7172,2.715,2.73,2.7225,212053.3640999999
2026-10-08 15:30:00,2.725,2.705,2.745,2.735,979192.8800400002
