date,open,high,low,close,volume,VWAP
2025-06-02,4.42,4.62,4.35,4.57,1767940,4.49
2025-06-03,4.56,4.81,4.52,4.78,1545193,4.6675
2025-06-04,4.79,4.97,4.74,4.75,1755349,4.8125
2025-06-05,4.8,4.84,4.64,4.67,1859633,4.7375
2025-06-06,4.77,4.77,4.55,4.64,1468917,4.6825
2025-06-09,4.71,4.8,4.63,4.73,2229925,4.7175
2025-06-10,4.77,4.82,4.43,4.79,7160700,4.7025
2025-06-11,4.56,4.91,4.28,4.29,9005700,4.51
2025-06-12,4.15,4.24,4.06,4.1,2640700,4.1375
2025-06-13,4.07,4.11,3.94,3.96,2724800,4.02
2025-06-16,4.04,4.15,3.96,4.12,2371534,4.0675
2025-06-17,4.03,4.08,3.84,3.87,1917451,3.955
2025-06-18,3.86,3.95,3.81,3.82,2200600,3.86
2025-06-20,3.85,3.92,3.75,3.78,3353101,3.825
2025-06-23,3.75,3.88,3.69,3.86,1765017,3.795
2025-06-24,3.89,3.92,3.69,3.74,1791000,3.81
2025-06-25,3.75,3.78,3.65,3.66,1284800,3.71
2025-06-26,3.66,3.72,3.62,3.67,1122343,3.6675
2025-06-27,3.67,3.68,3.52,3.53,4129831,3.6
2025-06-30,3.59,3.73,3.58,3.7,1831582,3.65
2025-07-01,3.66,4.03,3.61,3.87,2640115,3.7925
2025-07-02,3.87,3.99,3.84,3.9,2279827,3.9
2025-07-03,3.91,4.01,3.86,4.0,901500,3.945
2025-07-07,3.96,4.04,3.92,3.99,1510100,3.9775
2025-07-08,4.0,4.08,3.94,3.99,1333742,4.0025
2025-07-09,4.04,4.09,3.86,4.07,1892267,4.015
2025-07-10,4.07,4.3,4.04,4.09,1859700,4.125
2025-07-11,4.04,4.08,3.9,3.94,1689373,3.99
2025-07-14,4.25,4.56,4.18,4.29,4270991,4.32
2025-07-15,4.3,4.32,4.18,4.19,1572558,4.2475
2025-07-16,4.2,4.27,4.03,4.22,1492067,4.18
2025-07-17,4.23,4.36,4.22,4.34,2012400,4.2875
2025-07-18,4.37,4.65,4.32,4.62,2526930,4.49
2025-07-21,4.66,5.0,4.6,4.93,2665300,4.7975
2025-07-22,4.99,5.17,4.92,5.11,3705702,5.0475
2025-07-23,5.13,5.33,5.06,5.26,2821328,5.195
2025-07-24,5.21,5.3,5.11,5.2,2184800,5.205
2025-07-25,5.21,5.31,5.03,5.05,2023641,5.15
2025-07-28,5.08,5.36,4.97,5.27,2811732,5.17
2025-07-29,5.3,5.34,4.94,4.99,3207522,5.1425
2025-07-30,5.0,5.11,4.93,4.97,2001979,5.0025
2025-07-31,4.98,5.01,4.72,4.73,1391189,4.86
2025-08-01,4.62,4.62,4.39,4.49,2333010,4.53
2025-08-04,4.58,4.68,4.51,4.67,1412024,4.61
2025-08-05,4.71,4.73,4.57,4.62,1482223,4.6575
2025-08-06,4.63,4.84,4.6,4.83,1354300,4.725
2025-08-07,4.9,4.95,4.49,4.52,1832300,4.715
2025-08-08,4.51,4.54,4.39,4.47,1296238,4.4775
2025-08-11,4.46,4.53,4.4,4.51,1364319,4.475
2025-08-12,4.59,4.91,4.55,4.84,1913940,4.7225
2025-08-13,4.86,5.07,4.85,5.03,2054600,4.9525
2025-08-14,4.88,4.92,4.79,4.87,1413937,4.865
2025-08-15,4.91,5.01,4.88,4.93,1451100,4.9325
2025-08-18,4.9,5.11,4.88,5.02,1833600,4.9775
2025-08-19,5.01,5.22,5.01,5.21,1630300,5.1125
2025-08-20,5.23,5.24,5.0,5.1,1351525,5.1425
2025-08-21,5.03,5.08,4.85,5.02,2122400,4.995
2025-08-22,5.04,5.31,4.95,5.11,3545122,5.1025
2025-08-25,5.09,5.24,5.05,5.09,1680153,5.1175
2025-08-26,5.08,5.32,5.05,5.23,2185315,5.17
2025-08-27,5.24,5.57,5.24,5.47,3426902,5.38
2025-08-28,5.47,5.66,5.36,5.56,3825030,5.5125
2025-08-29,5.55,5.55,5.28,5.29,2465608,5.4175
2025-09-02,5.1,5.25,4.95,5.2,2377010,5.125
2025-09-03,5.19,5.37,5.12,5.3,1672016,5.245
2025-09-04,5.33,5.61,5.33,5.61,1873600,5.47
2025-09-05,5.67,5.77,5.55,5.65,1709737,5.66
2025-09-08,5.68,5.71,5.53,5.7,1696231,5.655
2025-09-09,5.69,5.86,5.61,5.83,2076900,5.7475
2025-09-10,5.78,5.82,5.7,5.71,1369924,5.7525
2025-09-11,5.72,5.9,5.72,5.8,1812189,5.785
2025-09-12,5.74,5.78,5.46,5.47,1437411,5.6125
2025-09-15,5.54,5.72,5.51,5.57,2667452,5.585
2025-09-16,5.56,5.56,5.26,5.48,1803201,5.465
2025-09-17,5.51,5.85,5.46,5.49,2732200,5.5775
2025-09-18,5.57,5.76,5.47,5.71,1815844,5.6275
2025-09-19,5.72,5.72,5.54,5.67,3158282,5.6625
2025-09-22,5.8,5.94,5.54,5.56,4110636,5.71
2025-09-23,5.57,5.85,5.43,5.46,3888800,5.5775
2025-09-24,5.48,5.74,5.39,5.64,8108908,5.5625
2025-09-25,4.78,5.16,4.54,4.71,9819449,4.7975
2025-09-26,4.64,4.85,4.6,4.69,4430400,4.695
2025-09-29,4.68,4.69,4.47,4.56,6537213,4.6
2025-09-30,4.56,4.61,4.34,4.35,3239815,4.465
2025-10-01,4.3,4.38,4.13,4.14,2907919,4.2375
2025-10-02,4.15,4.3,4.06,4.27,3225237,4.195
2025-10-03,4.31,4.43,4.22,4.26,3278100,4.305
2025-10-06,4.26,4.3,4.11,4.12,2845202,4.1975
2025-10-07,4.11,4.15,3.99,4.12,2266700,4.0925
2025-10-08,4.14,4.45,4.06,4.41,3254823,4.265
2025-10-09,4.39,4.44,4.32,4.42,3809767,4.3925
2025-10-10,4.43,4.43,3.87,4.04,5585600,4.1925
2025-10-13,4.07,4.22,4.02,4.22,2505400,4.1325
2025-10-14,4.11,4.37,4.07,4.3,2494300,4.2125
2025-10-15,4.39,4.51,4.29,4.36,3331814,4.3875
2025-10-16,4.38,4.39,4.06,4.09,1869143,4.23
2025-10-17,4.02,4.2,4.0,4.13,1956010,4.0875
2025-10-20,4.22,4.58,4.19,4.42,3219216,4.3525
2025-10-21,4.42,4.57,4.37,4.44,2479300,4.45
2025-10-22,4.47,4.66,4.38,4.48,2026239,4.4975
2025-10-23,4.49,4.58,4.46,4.58,1438420,4.5275
2025-10-24,4.65,4.75,4.57,4.58,1571909,4.6375
2025-10-27,4.68,4.87,4.6,4.64,2211150,4.6975
2025-10-28,4.66,4.7,4.51,4.66,1700505,4.6325
2025-10-29,4.64,4.64,4.19,4.22,1887068,4.4225
2025-10-30,4.17,4.23,4.03,4.06,3176231,4.1225
2025-10-31,4.1,4.22,3.97,4.19,1591115,4.12
2025-11-03,4.2,4.29,4.11,4.22,1543827,4.205
2025-11-04,4.13,4.21,4.06,4.15,1137156,4.1375
2025-11-05,4.17,4.55,4.14,4.31,3375920,4.2925
2025-11-06,4.31,4.36,4.08,4.17,2011334,4.23
2025-11-07,4.13,4.32,4.09,4.21,2404523,4.1875
2025-11-10,4.25,4.49,4.23,4.34,2206237,4.3275
2025-11-11,4.36,4.49,4.35,4.38,2261627,4.395
2025-11-12,4.41,4.55,4.41,4.45,1347318,4.455
2025-11-13,4.45,4.53,4.24,4.27,1349700,4.3725
2025-11-14,4.21,4.4,4.2,4.25,1666849,4.265
2025-11-17,4.21,4.24,4.06,4.13,1552303,4.16
2025-11-18,4.07,4.15,4.0,4.06,2025313,4.07
2025-11-19,4.08,4.18,3.97,4.01,2188800,4.06
2025-11-20,4.1,4.25,4.0,4.04,1843000,4.0975
2025-11-21,4.06,4.27,4.06,4.19,3724000,4.145
2025-11-24,4.25,4.26,3.9,3.95,4036637,4.09
2025-11-25,3.99,4.39,3.99,4.16,3945040,4.1325
2025-11-26,4.12,4.24,4.12,4.23,2064700,4.1775
2025-11-28,4.24,4.31,4.22,4.25,1076211,4.255
2025-12-01,4.21,4.41,4.15,4.29,2344346,4.265
2025-12-02,4.29,4.54,4.25,4.39,2398500,4.3675
2025-12-03,4.42,4.58,4.38,4.56,4275827,4.485
2025-12-04,4.56,4.74,4.47,4.69,5196400,4.615
2025-12-05,4.4,5.34,4.02,5.12,7279404,4.72
2025-12-08,5.09,5.3,4.97,5.04,3157020,5.1
2025-12-09,5.0,5.28,5.0,5.26,2500926,5.135
2025-12-10,5.26,5.52,5.26,5.42,2764623,5.365
2025-12-11,5.39,5.68,5.39,5.62,2016312,5.52
2025-12-12,5.64,5.67,5.43,5.48,2136015,5.555
2025-12-15,5.5,5.58,5.4,5.41,3028034,5.4725
2025-12-16,5.39,5.46,5.28,5.34,1838100,5.3675
2025-12-17,5.35,5.52,5.19,5.23,1883725,5.3225
2025-12-18,5.27,5.38,5.25,5.28,1536806,5.295
2025-12-19,5.27,5.27,5.08,5.22,3980538,5.21
2025-12-22,5.22,5.32,5.18,5.24,1315414,5.24
2025-12-23,5.2,5.21,5.03,5.12,1638012,5.14
2025-12-24,5.11,5.2,5.08,5.16,509600,5.1375
2025-12-26,5.15,5.22,5.09,5.19,947092,5.1625
2025-12-29,5.18,5.47,5.16,5.36,3376040,5.2925
2025-12-30,5.36,5.4,5.22,5.37,1240415,5.3375
2025-12-31,5.36,5.38,5.24,5.25,874132,5.3075
2026-01-02,5.28,5.28,4.99,5.12,1969124,5.1675
2026-01-05,5.11,5.13,4.85,4.85,2305402,4.985
2026-01-06,4.87,5.2,4.79,5.18,2756200,5.01
2026-01-07,5.17,5.29,5.05,5.15,1873000,5.165
2026-01-08,5.11,5.23,5.0,5.09,2498123,5.1075
2026-01-09,5.09,5.21,4.83,4.98,2263613,5.0275
2026-01-12,4.95,5.68,4.76,5.51,3383318,5.225
2026-01-13,5.53,5.75,5.48,5.51,2097487,5.5675
2026-01-14,5.51,5.56,5.01,5.16,1988303,5.31
2026-01-15,5.16,5.35,5.16,5.32,1582200,5.2475
2026-01-16,5.32,5.35,5.12,5.26,1266686,5.2625
2026-01-20,5.11,5.4,4.89,5.08,2377007,5.12
2026-01-21,5.07,5.35,5.06,5.23,2258174,5.1775
2026-01-22,5.23,5.38,5.18,5.22,1573268,5.2525
2026-01-23,5.15,5.26,4.85,5.0,1570800,5.065
2026-01-26,4.97,5.59,4.96,5.57,2378500,5.2725
2026-01-27,5.57,5.68,5.24,5.64,3532117,5.5325
2026-01-28,5.64,5.66,5.08,5.16,2572819,5.385
2026-01-29,5.16,5.17,4.83,4.84,2379812,5.0
2026-01-30,4.85,4.96,4.79,4.8,3000371,4.85
2026-02-02,4.8,5.03,4.71,4.87,1582000,4.8525
2026-02-03,4.81,4.91,4.62,4.8,1913548,4.785
2026-02-04,4.8,4.86,4.58,4.72,1587904,4.74
2026-02-05,4.69,4.72,4.29,4.4,2640500,4.525
2026-02-06,4.49,4.59,4.27,4.28,1915000,4.4075
2026-02-09,4.26,4.33,4.18,4.3,942045,4.2675
2026-02-10,4.26,4.33,4.04,4.07,1334315,4.175
2026-02-11,4.13,4.17,3.99,4.04,2188825,4.0825
2026-02-12,4.11,4.19,3.58,3.64,2480517,3.88
2026-02-13,3.67,3.74,3.58,3.65,1548400,3.66
2026-02-17,3.6,3.64,3.25,3.37,1814900,3.465
2026-02-18,3.37,3.54,3.3,3.48,1585924,3.4225
2026-02-19,3.46,3.46,3.26,3.43,1898100,3.4025
2026-02-20,3.41,3.58,3.35,3.48,1615263,3.455
2026-02-23,3.43,3.47,3.07,3.21,2130081,3.295
2026-02-24,3.21,3.25,3.13,3.2,2128100,3.1975
2026-02-25,3.17,3.35,3.12,3.34,1514222,3.245
2026-02-26,3.35,3.54,3.35,3.41,2739900,3.4125
2026-02-27,3.35,3.38,3.26,3.33,1526219,3.33
2026-03-02,3.23,3.36,3.16,3.24,1511215,3.2475
2026-03-03,3.1,3.25,2.95,3.17,2137100,3.1175
2026-03-04,3.22,3.32,3.14,3.19,3458504,3.2175
2026-03-05,3.2,3.3,3.12,3.25,2451300,3.2175
2026-03-06,3.15,3.26,3.03,3.23,1555800,3.1675
2026-03-09,3.11,3.33,3.08,3.29,2721700,3.2025
2026-03-10,3.26,3.6,3.25,3.47,3903200,3.395
2026-03-11,3.48,3.49,3.31,3.38,5096930,3.415
2026-03-12,3.35,3.48,3.04,3.3,4243990,3.2925
2026-03-13,3.28,3.35,3.14,3.29,2224600,3.265
2026-03-16,3.29,3.33,3.14,3.14,1682936,3.225
2026-03-17,3.19,3.29,3.16,3.19,1935056,3.2075
2026-03-18,3.11,3.24,3.11,3.15,2084500,3.1525
2026-03-19,3.1,3.38,3.08,3.31,2316200,3.2175
2026-03-20,3.29,3.37,3.16,3.18,3774600,3.25
2026-03-23,3.27,3.44,3.27,3.32,2635058,3.325
2026-03-24,3.26,3.35,3.19,3.29,1863809,3.2725
2026-03-25,3.34,3.45,3.31,3.43,1722140,3.3825
2026-03-26,3.35,3.51,3.35,3.43,2463992,3.41
2026-03-27,3.39,3.46,3.32,3.33,3250926,3.375
2026-03-30,3.34,3.44,3.12,3.27,3148316,3.2925
2026-03-31,3.31,3.47,3.25,3.31,2235006,3.335
2026-04-01,3.35,3.46,3.35,3.39,2059426,3.3875
2026-04-02,3.41,3.51,3.31,3.4,2043906,3.4075
2026-04-06,3.4,3.48,3.16,3.19,1948520,3.3075
2026-04-07,3.16,3.18,3.04,3.11,1927549,3.1225
2026-04-08,3.27,3.37,3.08,3.12,1775200,3.21
2026-04-09,3.1,3.21,3.01,3.18,1865119,3.125
2026-04-10,3.17,3.17,3.02,3.07,1839510,3.1075
2026-04-13,3.02,3.26,3.01,3.24,1641400,3.1325
2026-04-14,3.26,3.4,3.16,3.33,1438454,3.2875
2026-04-15,3.36,3.72,3.32,3.63,2022000,3.5075
2026-04-16,3.63,3.74,3.6,3.7,1570454,3.6675
2026-04-17,3.82,4.01,3.8,3.85,2196876,3.87
2026-04-20,3.85,4.13,3.82,4.07,1574041,3.9675
2026-04-21,4.08,4.08,3.92,3.97,1729201,4.0125
2026-04-22,3.99,4.05,3.91,3.99,1781658,3.985
2026-04-23,4.01,4.06,3.73,3.79,1558388,3.8975
2026-04-24,3.78,3.89,3.69,3.85,1301066,3.8025
2026-04-27,3.85,3.91,3.73,3.74,1105004,3.8075
2026-04-28,3.74,3.79,3.69,3.74,1072409,3.74
2026-04-29,3.7,3.78,3.62,3.67,1022731,3.6925
2026-04-30,3.63,3.68,3.53,3.64,1970109,3.62
2026-05-01,3.67,3.83,3.67,3.79,1164164,3.74
2026-05-04,3.76,3.83,3.5,3.61,1479083,3.675
2026-05-05,3.62,3.82,3.61,3.71,1134923,3.69
2026-05-06,3.74,3.79,3.59,3.65,1577448,3.6925
2026-05-07,3.61,3.72,3.45,3.6,1531615,3.595
2026-05-08,3.59,3.6,3.46,3.57,926035,3.555
2026-05-11,3.55,3.55,3.27,3.28,1415549,3.4125
2026-05-12,3.23,3.28,3.12,3.21,1563800,3.21
2026-05-13,3.15,3.2,2.97,3.13,2263234,3.1125
2026-05-14,3.15,3.19,3.07,3.1,1207200,3.1275
2026-05-15,3.08,3.16,3.01,3.06,1286900,3.0775
2026-05-18,3.05,3.1,2.98,3.07,2207900,3.05
2026-05-19,3.06,3.07,2.99,3.06,2459705,3.045
2026-05-20,3.06,3.2,2.95,3.2,3843404,3.1025
2026-05-21,3.16,3.37,3.14,3.35,2314400,3.255
2026-05-22,3.36,3.43,3.29,3.33,1414779,3.3525
2026-05-26,3.34,3.6,3.34,3.4,1917566,3.42
2026-05-27,3.44,3.63,3.4,3.53,1995954,3.5
2026-05-28,3.63,3.78,3.62,3.69,2524279,3.68
2026-05-29,3.68,3.69,3.55,3.56,1621207,3.62
2026-06-01,3.48,3.7,3.47,3.61,2197358,3.565
2026-06-02,3.64,3.64,3.47,3.52,946815,3.5675
2026-06-03,3.53,3.53,3.41,3.43,1563447,3.475
2026-06-04,3.52,3.7,3.5,3.67,1429800,3.5975
2026-06-05,3.66,3.68,3.37,3.42,1376600,3.5325
2026-06-08,3.47,3.68,3.45,3.66,1630065,3.565
2026-06-09,3.67,3.92,3.52,3.62,2138521,3.6825
2026-06-10,3.56,3.76,3.52,3.6,2693200,3.61
2026-06-11,3.83,4.31,3.75,4.2,6232944,4.0225
2026-06-12,4.11,4.17,3.77,3.85,3557434,3.975
2026-06-15,3.89,4.25,3.87,4.23,4296958,4.06
2026-06-16,4.22,4.24,4.08,4.16,2243808,4.175
2026-06-17,4.13,4.24,3.82,3.84,3113632,4.0075
2026-06-18,3.85,4.07,3.85,4.03,3908191,3.95
2026-06-22,4.03,4.13,3.89,4.01,2590140,4.015
2026-06-23,4.02,4.34,4.01,4.33,2873534,4.175
2026-06-24,4.31,4.56,4.31,4.41,2752800,4.3975
2026-06-25,4.41,4.49,4.22,4.3,2424131,4.355
2026-06-26,4.3,4.58,4.27,4.54,6019200,4.4225
2026-06-29,4.51,4.51,4.35,4.38,2053857,4.4375
2026-06-30,4.36,4.4,4.08,4.11,1658859,4.2375
2026-07-01,4.13,4.18,4.0,4.01,1623350,4.08
2026-07-02,4.0,4.05,3.77,3.84,1951503,3.915
2026-07-06,3.84,3.85,3.71,3.84,1769218,3.81
2026-07-07,3.82,3.84,3.71,3.72,1250100,3.7725
2026-07-08,3.66,3.68,3.51,3.55,1327350,3.6
2026-07-09,3.53,3.57,3.5,3.52,884800,3.53
2026-07-10,3.52,3.58,3.49,3.56,1330220,3.5375
2026-07-13,3.61,3.67,3.57,3.62,1415406,3.6175
2026-07-14,3.68,3.72,3.57,3.72,1165200,3.6725
2026-07-15,3.76,3.98,3.74,3.87,1082322,3.8375
2026-07-16,3.91,3.99,3.86,3.94,1405343,3.925
2026-07-17,3.86,3.98,3.75,3.79,957297,3.845
2026-07-20,3.82,3.99,3.74,3.91,1263365,3.865
2026-07-21,3.85,3.96,3.79,3.84,1251808,3.86
2026-07-22,3.84,3.88,3.69,3.75,1154842,3.79
2026-07-23,3.65,3.69,3.47,3.53,1289913,3.585
2026-07-24,3.55,3.65,3.43,3.58,1006917,3.5525
2026-07-27,3.7,4.03,3.65,4.02,1353826,3.85
2026-07-28,4.05,4.22,4.0,4.22,1986280,4.1225
2026-07-29,4.19,4.32,4.17,4.25,1620764,4.2325
2026-07-30,4.22,4.29,4.01,4.1,1384153,4.155
2026-07-31,4.06,4.11,4.0,4.02,1300600,4.0475
2026-08-03,4.05,4.19,4.04,4.14,1806800,4.105
2026-08-04,4.14,4.28,4.14,4.25,2016210,4.2025
2026-08-05,4.33,4.42,4.1,4.12,1610226,4.2425
2026-08-06,4.12,4.14,3.95,4.03,2286835,4.06
2026-08-07,4.04,4.25,4.04,4.2,1208900,4.1325
2026-08-10,4.08,4.12,3.97,3.97,1498400,4.035
2026-08-11,3.93,3.98,3.72,3.74,1332400,3.8425
2026-08-12,3.71,3.78,3.52,3.55,1775919,3.64
2026-08-13,3.57,3.71,3.51,3.65,1391154,3.61
2026-08-14,3.64,3.67,3.53,3.59,987500,3.6075
2026-08-17,3.59,3.6,3.32,3.33,1305343,3.46
2026-08-18,3.32,3.42,3.27,3.27,1286900,3.32
2026-08-19,3.33,3.41,3.31,3.36,1009400,3.3525
2026-08-20,3.27,3.38,3.18,3.34,2004400,3.2925
2026-08-21,3.35,3.39,3.29,3.34,1454203,3.3425
2026-08-24,3.31,3.36,3.26,3.29,1154435,3.305
2026-08-25,3.28,3.3,3.15,3.17,1551206,3.225
2026-08-26,3.19,3.21,3.13,3.17,1053200,3.175
2026-08-27,3.14,3.17,3.06,3.09,1353602,3.115
2026-08-28,3.12,3.28,3.11,3.15,1624900,3.165
2026-08-31,3.14,3.21,3.05,3.17,2016306,3.1425
2026-09-01,3.13,3.17,3.0,3.01,1583800,3.0775
2026-09-02,3.01,3.1,3.01,3.09,1756829,3.0525
2026-09-03,3.14,3.16,3.03,3.07,1120200,3.1
2026-09-04,3.04,3.07,3.01,3.05,1279838,3.0425
2026-09-08,3.03,3.06,2.92,2.97,1637048,2.995
2026-09-09,2.95,2.97,2.88,2.89,1204506,2.9225
2026-09-10,2.86,2.91,2.82,2.85,1665000,2.86
2026-09-11,2.9,2.96,2.86,2.95,1437504,2.9175
2026-09-14,2.95,3.1,2.95,3.09,1975582,3.0225
2026-09-15,3.09,3.09,2.89,2.94,1143773,3.0025
2026-09-16,2.94,2.98,2.88,2.91,1575970,2.9275
2026-09-17,2.98,2.98,2.89,2.91,1338841,2.94
2026-09-18,2.91,2.94,2.81,2.84,3015171,2.875
2026-09-21,2.89,2.91,2.83,2.85,2513242,2.87
2026-09-22,2.88,3.04,2.85,2.99,3981611,2.94
2026-09-23,2.99,3.02,2.76,2.82,8511101,2.8975
2026-09-24,2.31,2.35,2.1,2.21,14138600,2.2425
2026-09-25,2.19,2.22,2.13,2.15,5004059,2.1725
2026-09-28,2.12,2.49,2.11,2.47,7432500,2.2975
2026-09-29,2.48,2.57,2.42,2.53,5949238,2.5
2026-09-30,2.5,2.61,2.49,2.56,4099724,2.54
2026-10-01,2.55,2.69,2.55,2.6,4224338,2.5975
2026-10-02,2.62,2.68,2.6,2.61,3163300,2.6275
2026-10-05,2.61,2.73,2.59,2.68,3590143,2.6525
2026-10-06,2.69,2.71,2.62,2.67,3345282,2.6725
2026-10-07,2.63,2.75,2.62,2.73,3317986,2.6825
2026-10-08,2.705,2.745,2.66,2.73,5152008,2.71
